product_id,product_name,short_description,description,price,primary_asset,size,gender,color
1,Lotus scoparius (Nutt.) Ottley var. brevialatus Ottley,drive cross-platform interfaces,"Morbi non lectus. Aliquam sit amet diam in magna bibendum imperdiet. Nullam orci pede, venenatis non, sodales sed, tincidunt eu, felis.","€71,02",http://dummyimage.com/157x238.jpg/5fa2dd/ffffff,XS,Female,Mauv
2,Aquilegia formosa Fisch. ex DC.,incentivize scalable deliverables,"Maecenas leo odio, condimentum id, luctus nec, molestie sed, justo. Pellentesque viverra pede ac diam. Cras pellentesque volutpat dui.","€45,77",http://dummyimage.com/161x233.jpg/dddddd/000000,XS,Female,Turquoise
3,Spathoglottis Blume,repurpose cross-platform synergies,Duis bibendum. Morbi non quam nec dui luctus rutrum. Nulla tellus.,"€87,87",http://dummyimage.com/184x238.jpg/5fa2dd/ffffff,XS,Male,Turquoise
4,Perideridia parishii (J.M. Coult. & Rose) A. Nelson & J.F. Macbr. ssp. parishii,orchestrate bricks-and-clicks web-readiness,In quis justo. Maecenas rhoncus aliquam lacus. Morbi quis tortor id nulla ultrices aliquet.,"€21,25",http://dummyimage.com/138x123.jpg/cc0000/ffffff,XS,Female,Green
5,Peltigera venosa (L.) Hoffm.,benchmark impactful technologies,Nullam porttitor lacus at turpis. Donec posuere metus vitae ipsum. Aliquam non mauris.,"€55,05",http://dummyimage.com/209x111.jpg/dddddd/000000,3XL,Female,Crimson
6,Cochlidium jungens Bishop,generate ubiquitous partnerships,"Quisque porta volutpat erat. Quisque erat eros, viverra eget, congue eget, semper rutrum, nulla. Nunc purus.

Phasellus in felis. Donec semper sapien a libero. Nam dui.

Proin leo odio, porttitor id, consequat in, consequat ut, nulla. Sed accumsan felis. Ut at dolor quis odio consequat varius.","€79,99",http://dummyimage.com/158x208.jpg/5fa2dd/ffffff,2XL,Female,Khaki
7,Polygala boykinii Nutt.,exploit revolutionary ROI,"Aenean fermentum. Donec ut mauris eget massa tempor convallis. Nulla neque libero, convallis eget, eleifend luctus, ultricies eu, nibh.

Quisque id justo sit amet sapien dignissim vestibulum. Vestibulum ante ipsum primis in faucibus orci luctus et ultrices posuere cubilia Curae; Nulla dapibus dolor vel est. Donec odio justo, sollicitudin ut, suscipit a, feugiat et, eros.

Vestibulum ac est lacinia nisi venenatis tristique. Fusce congue, diam id ornare imperdiet, sapien urna pretium nisl, ut volutpat sapien arcu sed augue. Aliquam erat volutpat.","€46,13",http://dummyimage.com/152x137.jpg/5fa2dd/ffffff,XL,Male,Fuscia
8,Gutierrezia sarothrae (Pursh) Britton & Rusby,innovate intuitive experiences,"Phasellus in felis. Donec semper sapien a libero. Nam dui.

Proin leo odio, porttitor id, consequat in, consequat ut, nulla. Sed accumsan felis. Ut at dolor quis odio consequat varius.","€30,87",http://dummyimage.com/204x159.jpg/cc0000/ffffff,L,Female,Red
9,Micropus L.,redefine front-end niches,"Maecenas leo odio, condimentum id, luctus nec, molestie sed, justo. Pellentesque viverra pede ac diam. Cras pellentesque volutpat dui.

Maecenas tristique, est et tempus semper, est quam pharetra magna, ac consequat metus sapien ut nunc. Vestibulum ante ipsum primis in faucibus orci luctus et ultrices posuere cubilia Curae; Mauris viverra diam vitae quam. Suspendisse potenti.","€77,89",http://dummyimage.com/169x210.jpg/5fa2dd/ffffff,S,Female,Blue
10,Digitaria eriantha Steud.,seize virtual metrics,"In hac habitasse platea dictumst. Etiam faucibus cursus urna. Ut tellus.
